<?xml version="1.0" encoding="UTF-8"?>
<project-private xmlns="http://www.netbeans.org/ns/project-private/1">
    <editor-bookmarks xmlns="http://www.netbeans.org/ns/editor-bookmarks/2" lastBookmarkId="0"/>
    <open-files xmlns="http://www.netbeans.org/ns/projectui-open-files/2">
        <group>
            <file>file:/C:/Users/huzai/OneDrive/Documents/NetBeansProjects/BrickProject/src/brickproject/Brick.java</file>
            <file>file:/C:/Users/huzai/OneDrive/Documents/NetBeansProjects/BrickProject/src/brickproject/Fire.java</file>
            <file>file:/C:/Users/huzai/OneDrive/Documents/NetBeansProjects/BrickProject/src/brickproject/Gameplay.java</file>
            <file>file:/C:/Users/huzai/OneDrive/Documents/NetBeansProjects/BrickProject/src/brickproject/BrickProject.java</file>
            <file>file:/C:/Users/huzai/OneDrive/Documents/NetBeansProjects/BrickProject/src/brickproject/Map.java</file>
            <file>file:/C:/Users/huzai/OneDrive/Documents/NetBeansProjects/BrickProject/src/brickproject/BrickFactory.java</file>
            <file>file:/C:/Users/huzai/OneDrive/Documents/NetBeansProjects/BrickProject/src/brickproject/Player.java</file>
        </group>
    </open-files>
</project-private>
